sv.mmg.nss.lan.nss.lanpe.rps_regs.glrps_pmd_tc_credit_amount_inst0,0x264a10d0
sv.mmg.nss.lan.nss.lanpe.rps_regs.glrps_pmd_tc_credit_amount_inst1,0x264a10d4
sv.mmg.nss.lan.nss.lanpe.rps_regs.glrps_pmd_tc_credit_amount_inst2,0x264a10d8
sv.mmg.nss.lan.nss.lanpe.rps_regs.glrps_pmd_tc_credit_amount_inst3,0x264a10dc
sv.mmg.nss.lan.nss.lanpe.rps_regs.glrps_pmd_tc_credit_amount_inst4,0x264a10e0
sv.mmg.nss.lan.nss.lanpe.rps_regs.glrps_pmd_tc_credit_amount_inst5,0x264a10e4
sv.mmg.nss.lan.nss.lanpe.rps_regs.glrps_pmd_tc_credit_amount_inst6,0x264a10e8
sv.mmg.nss.lan.nss.lanpe.rps_regs.glrps_pmd_tc_credit_amount_inst7,0x264a10ec
sv.mmg.nss.lan.nss.lanpe.rps_regs.glrps_pmd_tc_credit_amount_inst8,0x264a10f0
sv.mmg.nss.lan.nss.lanpe.rps_regs.glrps_pmd_tc_credit_amount_inst9,0x264a10f4
sv.mmg.nss.lan.nss.lanpe.rps_regs.glrps_pmd_tc_credit_amount_inst10,0x264a10f8
sv.mmg.nss.lan.nss.lanpe.rps_regs.glrps_pmd_tc_credit_amount_inst11,0x264a10fc
sv.mmg.nss.lan.nss.lanpe.rps_regs.glrps_pmd_tc_credit_amount_inst12,0x264a1100
sv.mmg.nss.lan.nss.lanpe.rps_regs.glrps_pmd_tc_credit_amount_inst13,0x264a1104
sv.mmg.nss.lan.nss.lanpe.rps_regs.glrps_pmd_tc_credit_amount_inst14,0x264a1108
sv.mmg.nss.lan.nss.lanpe.rps_regs.glrps_pmd_tc_credit_amount_inst15,0x264a110c
sv.mmg.nss.lan.nss.lanpe.rps_regs.glrps_pd_tc_credit_amount_inst0,0x264a1150
sv.mmg.nss.lan.nss.lanpe.rps_regs.glrps_pd_tc_credit_amount_inst1,0x264a1154
sv.mmg.nss.lan.nss.lanpe.rps_regs.glrps_pd_tc_credit_amount_inst3,0x264a115c
sv.mmg.nss.lan.nss.lanpe.rps_regs.glrps_pd_tc_credit_amount_inst4,0x264a1160
sv.mmg.nss.lan.nss.lanpe.rps_regs.glrps_pd_tc_credit_amount_inst5,0x264a1164
sv.mmg.nss.lan.nss.lanpe.rps_regs.glrps_pd_tc_credit_amount_inst6,0x264a1168
sv.mmg.nss.lan.nss.lanpe.rps_regs.glrps_pd_tc_credit_amount_inst7,0x264a116c
sv.mmg.nss.lan.nss.lanpe.rps_regs.glrps_pd_tc_credit_amount_inst8,0x264a1170
sv.mmg.nss.lan.nss.lanpe.rps_regs.glrps_pd_tc_credit_amount_inst9,0x264a1174
sv.mmg.nss.lan.nss.lanpe.rps_regs.glrps_pd_tc_credit_amount_inst10,0x264a1178
sv.mmg.nss.lan.nss.lanpe.rps_regs.glrps_pd_tc_credit_amount_inst11,0x264a117c
sv.mmg.nss.lan.nss.lanpe.rps_regs.glrps_pd_tc_credit_amount_inst12,0x264a1180
sv.mmg.nss.lan.nss.lanpe.rps_regs.glrps_pd_tc_credit_amount_inst13,0x264a1184
sv.mmg.nss.lan.nss.lanpe.rps_regs.glrps_pd_tc_credit_amount_inst14,0x264a1188
sv.mmg.nss.lan.nss.lanpe.rps_regs.glrps_pd_tc_credit_amount_inst15,0x264a118c
sv.mmg.nss.lan.nss.lanpe.rsc_regs.glrps_rsc_flow_close_req_credit_amount_inst0_glrps_rsc_flow_close_req_credit_amount_rinst0,0x26500020
sv.mmg.nss.lan.nss.lanpe.rsc_regs.glrps_rsc_flow_close_req_credit_amount_inst0_glrps_rsc_flow_close_req_credit_amount_rinst1,0x26500024
sv.mmg.nss.lan.nss.lanpe.rsc_regs.glrps_rsc_flow_close_req_credit_amount_inst0_glrps_rsc_flow_close_req_credit_amount_rinst2,0x26500028
sv.mmg.nss.lan.nss.lanpe.rsc_regs.glrps_rsc_flow_close_req_credit_amount_inst0_glrps_rsc_flow_close_req_credit_amount_rinst3,0x2650002c
sv.mmg.nss.lan.nss.lanpe.rsc_regs.glrps_rsc_flow_close_req_credit_amount_inst0_glrps_rsc_flow_close_req_credit_amount_rinst4,0x26500030
sv.mmg.nss.lan.nss.lanpe.rsc_regs.glrps_rsc_flow_close_req_credit_amount_inst1_glrps_rsc_flow_close_req_credit_amount_rinst0,0x26500034
sv.mmg.nss.lan.nss.lanpe.rsc_regs.glrps_rsc_flow_close_req_credit_amount_inst1_glrps_rsc_flow_close_req_credit_amount_rinst1,0x26500038
sv.mmg.nss.lan.nss.lanpe.rsc_regs.glrps_rsc_flow_close_req_credit_amount_inst1_glrps_rsc_flow_close_req_credit_amount_rinst2,0x2650003c
sv.mmg.nss.lan.nss.lanpe.rsc_regs.glrps_rsc_flow_close_req_credit_amount_inst1_glrps_rsc_flow_close_req_credit_amount_rinst3,0x26500040
sv.mmg.nss.lan.nss.lanpe.rsc_regs.glrps_rsc_flow_close_req_credit_amount_inst1_glrps_rsc_flow_close_req_credit_amount_rinst4,0x26500044
sv.mmg.nss.lan.nss.lanpe.rsc_regs.glrps_rsc_flow_close_req_credit_amount_inst2_glrps_rsc_flow_close_req_credit_amount_rinst0,0x26500048
sv.mmg.nss.lan.nss.lanpe.rsc_regs.glrps_rsc_flow_close_req_credit_amount_inst2_glrps_rsc_flow_close_req_credit_amount_rinst1,0x2650004c
sv.mmg.nss.lan.nss.lanpe.rsc_regs.glrps_rsc_flow_close_req_credit_amount_inst2_glrps_rsc_flow_close_req_credit_amount_rinst2,0x26500050
sv.mmg.nss.lan.nss.lanpe.rsc_regs.glrps_rsc_flow_close_req_credit_amount_inst2_glrps_rsc_flow_close_req_credit_amount_rinst3,0x26500054
sv.mmg.nss.lan.nss.lanpe.rsc_regs.glrps_rsc_flow_close_req_credit_amount_inst2_glrps_rsc_flow_close_req_credit_amount_rinst4,0x26500058

sv.mmg.nss.rdma_top_map.peip_crx.glpe_mif_pd_initial_credit_value_pr_pd0,0x42400880
sv.mmg.nss.rdma_top_map.peip_crx.glpe_mif_pd_initial_credit_value_pr_pd1,0x42400884
sv.mmg.nss.rdma_top_map.peip_crx.glpe_mif_pd_initial_credit_value_pr_pd2,0x42400888
sv.mmg.nss.rdma_top_map.peip_crx.glpe_mif_pd_initial_credit_value_pr_pd3,0x4240088c
sv.mmg.nss.rdma_top_map.peip_crx.glpe_mif_pd_initial_credit_value_pr_pd4,0x42400890
sv.mmg.nss.rdma_top_map.peip_crx.glpe_mif_pmd_initial_credit_value_pr_pmd0,0x42400898
sv.mmg.nss.rdma_top_map.peip_crx.glpe_mif_pmd_initial_credit_value_pr_pmd1,0x4240089c
sv.mmg.nss.rdma_top_map.peip_crx.glpe_mif_pmd_initial_credit_value_pr_pmd2,0x424008a0
sv.mmg.nss.rdma_top_map.peip_crx.glpe_mif_pmd_initial_credit_value_pr_pmd3,0x424008a4
sv.mmg.nss.rdma_top_map.peip_crx.glpe_mif_pmd_initial_credit_value_pr_pmd4,0x424008a8
sv.mmg.nss.rdma_top_map.peip_crx.glpe_mif_pd_initial_credit_value_crt_pd0,0x424008b0
sv.mmg.nss.rdma_top_map.peip_crx.glpe_mif_pd_initial_credit_value_crt_pd1,0x424008b4
sv.mmg.nss.rdma_top_map.peip_crx.glpe_mif_pd_initial_credit_value_crt_pd2,0x424008b8
sv.mmg.nss.rdma_top_map.peip_crx.glpe_mif_pd_initial_credit_value_crt_pd3,0x424008bc
sv.mmg.nss.rdma_top_map.peip_crx.glpe_mif_pd_initial_credit_value_crt_pd4,0x424008c0
sv.mmg.nss.rdma_top_map.peip_crx.glpe_mif_pmd_initial_credit_value_crt_pmd0,0x424008c8
sv.mmg.nss.rdma_top_map.peip_crx.glpe_mif_pmd_initial_credit_value_crt_pmd1,0x424008cc
sv.mmg.nss.rdma_top_map.peip_crx.glpe_mif_pmd_initial_credit_value_crt_pmd2,0x424008d0
sv.mmg.nss.rdma_top_map.peip_crx.glpe_mif_pmd_initial_credit_value_crt_pmd3,0x424008d4
sv.mmg.nss.rdma_top_map.peip_crx.glpe_mif_pmd_initial_credit_value_crt_pmd4,0x424008d8
sv.mmg.nss.rdma_top_map.peip_crx.glpe_rb_credit_used0,0x42400864
sv.mmg.nss.rdma_top_map.peip_crx.glpe_rb_credit_used1,0x42400868
sv.mmg.nss.rdma_top_map.peip_crx.glpe_rb_credit_used2,0x4240086c
sv.mmg.nss.rdma_top_map.peip_crx.glpe_rb_credit_used3,0x42400870
sv.mmg.nss.rdma_top_map.peip_crx.glpe_rb_credit_used4,0x42400874
sv.mmg.nss.rdma_top_map.peip_crx.glpe_rb_total_credit_used,0x42400878
sv.mmg.nss.rdma_top_map.peip_drx0.glpe_drx_pbuf_credit_used,0x43030018
sv.mmg.nss.rdma_top_map.peip_drx1.glpe_drx_pbuf_credit_used,0x43430018
sv.mmg.nss.rdma_top_map.peip_drx2.glpe_drx_pbuf_credit_used,0x43830018
sv.mmg.nss.rdma_top_map.peip_drx3.glpe_drx_pbuf_credit_used,0x43c30018
sv.mmg.nss.rdma_top_map.peip_drx4.glpe_drx_pbuf_credit_used,0x44030018

sv.mmg.nss.nvme_cpg.nvme_cfg_shim.nvme_cpf_msix_host0ifc_wr_credits,0x21cd4000
sv.mmg.nss.nvme_cpg.nvme_cfg_shim.nvme_cpf_msix_host4ifc_wr_credits,0x21cd4010
sv.mmg.nss.nvme_cpg.nvme_cfg_tdo.tdo_cmn_multihost_credit_ctl,0x21c00400
sv.mmg.nss.nvme_cpg.nvme_cfg_tdo.rdcmd_credit_cnt_hostid,0x21c00500
sv.mmg.nss.nvme_cpg.nvme_cfg_tdo.wrdata_credit_cnt_hostid,0x21c00508
sv.mmg.nss.nvme_cpg.nvme_cfg_nri.nri_hostifc_wr_credits,0x22000010
sv.mmg.nss.nvme_cpg.nvme_cfg_nri.nri_hostifc_rd_credits,0x22000014
sv.mmg.nss.nvme_cpg.nvme_cfg_nri.nri_sos_lookup_context_credit,0x22006000
sv.mmg.nss.nvme_cpg.nvme_cfg_nrt.nrt_hostifc_wr_credits,0x22200010
sv.mmg.nss.nvme_cpg.nvme_cfg_nrt.nrt_hostifc_rd_credits,0x22200014
sv.mmg.nss.nvme_cpg.nvme_cfg_rtb.nvme_rtb_host0ifc_wr_credits,0x22401e00
sv.mmg.nss.nvme_cpg.nvme_cfg_rtb.nvme_rtb_host4ifc_wr_credits,0x22401e04
sv.mmg.nss.nvme_cpg.nvme_cfg_rtb.nvme_rtb_host0ifc_rd_credits,0x22401e08
sv.mmg.nss.nvme_cpg.nvme_cfg_rtb.nvme_rtb_host4ifc_rd_credits,0x22401e0c
sv.mmg.nss.nvme_cpg.nvme_cfg_npi.nrp.nrp_wdma_credits0,0x21b40060
sv.mmg.nss.nvme_cpg.nvme_cfg_npi.nrp.nrp_wdma_credits1,0x21b40064
sv.mmg.nss.nvme_cpg.nvme_cfg_npi.nrp.nrp_wdma_credits2,0x21b40068
sv.mmg.nss.nvme_cpg.nvme_cfg_npi.nrp.nrp_wdma_credits3,0x21b4006c
sv.mmg.nss.nvme_cpg.nvme_cfg_npi.nrp.nrp_wdma_credits4,0x21b40070
sv.mmg.nss.nvme_cpg.nvme_cfg_npi.nrp.nrp_rddma_credits0,0x21b40080
sv.mmg.nss.nvme_cpg.nvme_cfg_npi.nrp.nrp_rddma_credits1,0x21b40084
sv.mmg.nss.nvme_cpg.nvme_cfg_npi.nrp.nrp_rddma_credits2,0x21b40088
sv.mmg.nss.nvme_cpg.nvme_cfg_npi.nrp.nrp_rddma_credits3,0x21b4008c
sv.mmg.nss.nvme_cpg.nvme_cfg_npi.nrp.nrp_rddma_credits4,0x21b40090
sv.mmg.nss.nvme_cpg.nvme_cfg_npi.pal2hif.hif0_credit_cnt_host0,0x21b80300
sv.mmg.nss.nvme_cpg.nvme_cfg_npi.pal2hif.hif0_credit_cnt_host1,0x21b80304
sv.mmg.nss.nvme_cpg.nvme_cfg_npi.pal2hif.hif0_credit_cnt_host2,0x21b80308
sv.mmg.nss.nvme_cpg.nvme_cfg_npi.pal2hif.hif0_credit_cnt_host3,0x21b8030c
sv.mmg.nss.nvme_cpg.nvme_cfg_npi.pal2hif.hif0_credit_cnt_host4,0x21b80310
sv.mmg.nss.nvme_cpg.nvme_cfg_npi.pal2hif.hif0_rd_credit_cnt_host0,0x21b80320
sv.mmg.nss.nvme_cpg.nvme_cfg_npi.pal2hif.hif0_rd_credit_cnt_host1,0x21b80324
sv.mmg.nss.nvme_cpg.nvme_cfg_npi.pal2hif.hif0_rd_credit_cnt_host2,0x21b80328
sv.mmg.nss.nvme_cpg.nvme_cfg_npi.pal2hif.hif0_rd_credit_cnt_host3,0x21b8032c
sv.mmg.nss.nvme_cpg.nvme_cfg_npi.pal2hif.hif0_rd_credit_cnt_host4,0x21b80330
sv.mmg.nss.nvme_cpg.nvme_cfg_npi.pal2hif.hif1_credit_cnt_host0,0x21b80380
sv.mmg.nss.nvme_cpg.nvme_cfg_npi.pal2hif.hif1_credit_cnt_host2,0x21b80388
sv.mmg.nss.nvme_cpg.nvme_cfg_npi.pal2hif.hif1_credit_cnt_host3,0x21b8038c
sv.mmg.nss.nvme_cpg.nvme_cfg_npi.pal2hif.hif1_credit_cnt_host4,0x21b80390
sv.mmg.nss.nvme_cpg.nvme_cfg_npi.pal2hif.hif1_rd_credit_cnt_host0,0x21b803a0
sv.mmg.nss.nvme_cpg.nvme_cfg_npi.pal2hif.hif1_rd_credit_cnt_host1,0x21b803a4
sv.mmg.nss.nvme_cpg.nvme_cfg_npi.pal2hif.hif1_rd_credit_cnt_host2,0x21b803a8
sv.mmg.nss.nvme_cpg.nvme_cfg_npi.pal2hif.hif1_rd_credit_cnt_host3,0x21b803ac
sv.mmg.nss.nvme_cpg.nvme_cfg_npi.pal2hif.hif1_rd_credit_cnt_host4,0x21b803b0

sv.mmg.nss.fxp.nss.fxp.evmin.evmin_fxp_regs.pm_parser_fifo_credit,0x293c41b0
sv.mmg.nss.fxp.nss.fxp.evmin.evmin_fxp_regs.pm_parser_fifo_credit_usage,0x293c41b8
sv.mmg.nss.fxp.nss.fxp.evmin.evmin_fxp_regs.pm_rx_credit_share,0x293c4218
sv.mmg.nss.fxp.nss.fxp.evmin.evmin_fxp_regs.pm_tx_credit_share,0x293c4220
sv.mmg.nss.fxp.nss.fxp.evmin.evmin_fxp_regs.pm_tx_credit_per_path0,0x293c4380
sv.mmg.nss.fxp.nss.fxp.evmin.evmin_fxp_regs.pm_tx_credit_per_path1,0x293c4388
sv.mmg.nss.fxp.nss.fxp.evmin.evmin_fxp_regs.pm_tx_credit_per_path2,0x293c4390
sv.mmg.nss.fxp.nss.fxp.evmin.evmin_fxp_regs.pm_tx_credit_per_path3,0x293c4398
sv.mmg.nss.fxp.nss.fxp.evmin.evmin_fxp_regs.pm_tx_credit_per_path4,0x293c43a0
sv.mmg.nss.fxp.nss.fxp.evmin.evmin_fxp_regs.pm_tx_credit_per_path5,0x293c43a8
sv.mmg.nss.fxp.nss.fxp.evmin.evmin_fxp_regs.pm_tx_credit_per_path6,0x293c43b0
sv.mmg.nss.fxp.nss.fxp.evmin.evmin_fxp_regs.pm_tx_credit_per_path7,0x293c43b8
sv.mmg.nss.fxp.nss.fxp.evmin.evmin_fxp_regs.pm_tx_credit_per_path8,0x293c43c0
sv.mmg.nss.fxp.nss.fxp.evmin.evmin_fxp_regs.pm_rx_credit_per_path0,0x293c4400
sv.mmg.nss.fxp.nss.fxp.evmin.evmin_fxp_regs.pm_rx_credit_per_path1,0x293c4408
sv.mmg.nss.fxp.nss.fxp.evmin.evmin_fxp_regs.pm_rx_credit_per_path2,0x293c4410
sv.mmg.nss.fxp.nss.fxp.evmin.evmin_fxp_regs.pm_rx_credit_per_path3,0x293c4418
sv.mmg.nss.fxp.nss.fxp.evmin.evmin_fxp_regs.pm_rx_credit_per_path4,0x293c4420
sv.mmg.nss.fxp.nss.fxp.evmin.evmin_fxp_regs.pm_rx_credit_per_path5,0x293c4428
sv.mmg.nss.fxp.nss.fxp.evmin.evmin_fxp_regs.pm_rx_credit_per_path6,0x293c4430
sv.mmg.nss.fxp.nss.fxp.evmin.evmin_fxp_regs.pm_rx_credit_per_path7,0x293c4438
sv.mmg.nss.fxp.nss.fxp.evmin.evmin_fxp_regs.pm_tx_credit_usage_per_path0,0x293c4480
sv.mmg.nss.fxp.nss.fxp.evmin.evmin_fxp_regs.pm_tx_credit_usage_per_path1,0x293c4488
sv.mmg.nss.fxp.nss.fxp.evmin.evmin_fxp_regs.pm_tx_credit_usage_per_path2,0x293c4490
sv.mmg.nss.fxp.nss.fxp.evmin.evmin_fxp_regs.pm_tx_credit_usage_per_path3,0x293c4498
sv.mmg.nss.fxp.nss.fxp.evmin.evmin_fxp_regs.pm_tx_credit_usage_per_path4,0x293c44a0
sv.mmg.nss.fxp.nss.fxp.evmin.evmin_fxp_regs.pm_tx_credit_usage_per_path5,0x293c44a8
sv.mmg.nss.fxp.nss.fxp.evmin.evmin_fxp_regs.pm_tx_credit_usage_per_path6,0x293c44b0
sv.mmg.nss.fxp.nss.fxp.evmin.evmin_fxp_regs.pm_tx_credit_usage_per_path7,0x293c44b8
sv.mmg.nss.fxp.nss.fxp.evmin.evmin_fxp_regs.pm_tx_credit_usage_per_path8,0x293c44c0
sv.mmg.nss.fxp.nss.fxp.evmin.evmin_fxp_regs.pm_tx_credit_usage_per_path_share0,0x293c4500
sv.mmg.nss.fxp.nss.fxp.evmin.evmin_fxp_regs.pm_tx_credit_usage_per_path_share1,0x293c4508
sv.mmg.nss.fxp.nss.fxp.evmin.evmin_fxp_regs.pm_tx_credit_usage_per_path_share2,0x293c4510
sv.mmg.nss.fxp.nss.fxp.evmin.evmin_fxp_regs.pm_tx_credit_usage_per_path_share3,0x293c4518
sv.mmg.nss.fxp.nss.fxp.evmin.evmin_fxp_regs.pm_tx_credit_usage_per_path_share4,0x293c4520
sv.mmg.nss.fxp.nss.fxp.evmin.evmin_fxp_regs.pm_tx_credit_usage_per_path_share5,0x293c4528
sv.mmg.nss.fxp.nss.fxp.evmin.evmin_fxp_regs.pm_tx_credit_usage_per_path_share6,0x293c4530
sv.mmg.nss.fxp.nss.fxp.evmin.evmin_fxp_regs.pm_tx_credit_usage_per_path_share7,0x293c4538
sv.mmg.nss.fxp.nss.fxp.evmin.evmin_fxp_regs.pm_tx_credit_usage_per_path_share8,0x293c4540
sv.mmg.nss.fxp.nss.fxp.evmin.evmin_fxp_regs.pm_rx_credit_usage_per_path0,0x293c4580
sv.mmg.nss.fxp.nss.fxp.evmin.evmin_fxp_regs.pm_rx_credit_usage_per_path1,0x293c4588
sv.mmg.nss.fxp.nss.fxp.evmin.evmin_fxp_regs.pm_rx_credit_usage_per_path2,0x293c4590
sv.mmg.nss.fxp.nss.fxp.evmin.evmin_fxp_regs.pm_rx_credit_usage_per_path3,0x293c4598
sv.mmg.nss.fxp.nss.fxp.evmin.evmin_fxp_regs.pm_rx_credit_usage_per_path4,0x293c45a0
sv.mmg.nss.fxp.nss.fxp.evmin.evmin_fxp_regs.pm_rx_credit_usage_per_path5,0x293c45a8
sv.mmg.nss.fxp.nss.fxp.evmin.evmin_fxp_regs.pm_rx_credit_usage_per_path6,0x293c45b0
sv.mmg.nss.fxp.nss.fxp.evmin.evmin_fxp_regs.pm_rx_credit_usage_per_path7,0x293c45b8
sv.mmg.nss.fxp.nss.fxp.evmin.evmin_fxp_regs.pm_rx_credit_usage_per_path_share0,0x293c4600
sv.mmg.nss.fxp.nss.fxp.evmin.evmin_fxp_regs.pm_rx_credit_usage_per_path_share1,0x293c4608
sv.mmg.nss.fxp.nss.fxp.evmin.evmin_fxp_regs.pm_rx_credit_usage_per_path_share2,0x293c4610
sv.mmg.nss.fxp.nss.fxp.evmin.evmin_fxp_regs.pm_rx_credit_usage_per_path_share3,0x293c4618
sv.mmg.nss.fxp.nss.fxp.evmin.evmin_fxp_regs.pm_rx_credit_usage_per_path_share4,0x293c4620
sv.mmg.nss.fxp.nss.fxp.evmin.evmin_fxp_regs.pm_rx_credit_usage_per_path_share5,0x293c4628
sv.mmg.nss.fxp.nss.fxp.evmin.evmin_fxp_regs.pm_rx_credit_usage_per_path_share6,0x293c4630
sv.mmg.nss.fxp.nss.fxp.evmin.evmin_fxp_regs.pm_rx_credit_usage_per_path_share7,0x293c4638
sv.mmg.nss.fxp.nss.fxp.evmin.evmin_fxp_regs.pm_tx_max_credit_per_path0,0x293c4680
sv.mmg.nss.fxp.nss.fxp.evmin.evmin_fxp_regs.pm_tx_max_credit_per_path1,0x293c4688
sv.mmg.nss.fxp.nss.fxp.evmin.evmin_fxp_regs.pm_tx_max_credit_per_path2,0x293c4690
sv.mmg.nss.fxp.nss.fxp.evmin.evmin_fxp_regs.pm_tx_max_credit_per_path3,0x293c4698
sv.mmg.nss.fxp.nss.fxp.evmin.evmin_fxp_regs.pm_tx_max_credit_per_path4,0x293c46a0
sv.mmg.nss.fxp.nss.fxp.evmin.evmin_fxp_regs.pm_tx_max_credit_per_path5,0x293c46a8
sv.mmg.nss.fxp.nss.fxp.evmin.evmin_fxp_regs.pm_tx_max_credit_per_path6,0x293c46b0
sv.mmg.nss.fxp.nss.fxp.evmin.evmin_fxp_regs.pm_tx_max_credit_per_path7,0x293c46b8
sv.mmg.nss.fxp.nss.fxp.evmin.evmin_fxp_regs.pm_tx_max_credit_per_path8,0x293c46c0
sv.mmg.nss.fxp.nss.fxp.evmin.evmin_fxp_regs.pm_rx_max_credit_per_path0,0x293c4700
sv.mmg.nss.fxp.nss.fxp.evmin.evmin_fxp_regs.pm_rx_max_credit_per_path1,0x293c4708
sv.mmg.nss.fxp.nss.fxp.evmin.evmin_fxp_regs.pm_rx_max_credit_per_path2,0x293c4710
sv.mmg.nss.fxp.nss.fxp.evmin.evmin_fxp_regs.pm_rx_max_credit_per_path3,0x293c4718
sv.mmg.nss.fxp.nss.fxp.evmin.evmin_fxp_regs.pm_rx_max_credit_per_path4,0x293c4720
sv.mmg.nss.fxp.nss.fxp.evmin.evmin_fxp_regs.pm_rx_max_credit_per_path5,0x293c4728
sv.mmg.nss.fxp.nss.fxp.evmin.evmin_fxp_regs.pm_rx_max_credit_per_path6,0x293c4730
sv.mmg.nss.fxp.nss.fxp.evmin.evmin_fxp_regs.pm_rx_max_credit_per_path7,0x293c4738
sv.mmg.nss.fxp.nss.fxp.evmin.evmin_fxp_regs.evmi_tx_dwrr_max_credit_cfg,0x293c5030
sv.mmg.nss.fxp.nss.fxp.evmout.evmout_regs.evmo_tx_recir_credit_per_path0,0x293e9100
sv.mmg.nss.fxp.nss.fxp.evmout.evmout_regs.evmo_tx_recir_credit_per_path1,0x293e9108
sv.mmg.nss.fxp.nss.fxp.evmout.evmout_regs.evmo_tx_recir_credit_per_path2,0x293e9110
sv.mmg.nss.fxp.nss.fxp.evmout.evmout_regs.evmo_tx_recir_credit_per_path3,0x293e9118
sv.mmg.nss.fxp.nss.fxp.evmout.evmout_regs.evmo_tx_recir_credit_per_path4,0x293e9120
sv.mmg.nss.fxp.nss.fxp.evmout.evmout_regs.evmo_tx_recir_credit_per_path5,0x293e9128
sv.mmg.nss.fxp.nss.fxp.evmout.evmout_regs.evmo_tx_recir_credit_per_path6,0x293e9130
sv.mmg.nss.fxp.nss.fxp.evmout.evmout_regs.evmo_tx_recir_credit_shared,0x293e9140
sv.mmg.nss.fxp.nss.fxp.evmout.evmout_regs.evmo_rx_recir_credit_per_path0,0x293e9180
sv.mmg.nss.fxp.nss.fxp.evmout.evmout_regs.evmo_rx_recir_credit_per_path1,0x293e9188
sv.mmg.nss.fxp.nss.fxp.evmout.evmout_regs.evmo_rx_recir_credit_per_path2,0x293e9190
sv.mmg.nss.fxp.nss.fxp.evmout.evmout_regs.evmo_rx_recir_credit_per_path3,0x293e9198
sv.mmg.nss.fxp.nss.fxp.evmout.evmout_regs.evmo_rx_recir_credit_per_path4,0x293e91a0
sv.mmg.nss.fxp.nss.fxp.evmout.evmout_regs.evmo_rx_recir_credit_per_path5,0x293e91a8
sv.mmg.nss.fxp.nss.fxp.evmout.evmout_regs.evmo_rx_recir_credit_per_path6,0x293e91b0
sv.mmg.nss.fxp.nss.fxp.evmout.evmout_regs.evmo_rx_recir_credit_shared,0x293e91c0
sv.mmg.nss.fxp.nss.fxp.evmout.evmout_regs.evmo_max_credit,0x293fc948
sv.mmg.nss.fxp.nss.fxp.cnt_gen2.cnt_regs.cnt_flow_bank_arb_credit_dbg0,0x29729a00
sv.mmg.nss.fxp.nss.fxp.cnt_gen2.cnt_regs.cnt_flow_bank_arb_credit_dbg1,0x29729a08
sv.mmg.nss.fxp.nss.fxp.cnt_gen2.cnt_regs.cnt_flow_bank_arb_credit_dbg2,0x29729a10
sv.mmg.nss.fxp.nss.fxp.cnt_gen2.cnt_regs.cnt_flow_bank_arb_credit_dbg4,0x29729a20
sv.mmg.nss.fxp.nss.fxp.cnt_gen2.cnt_regs.cnt_flow_bank_arb_credit_dbg5,0x29729a28
sv.mmg.nss.fxp.nss.fxp.cnt_gen2.cnt_regs.cnt_flow_bank_arb_credit_dbg6,0x29729a30
sv.mmg.nss.fxp.nss.fxp.cnt_gen2.cnt_regs.cnt_flow_bank_arb_credit_dbg7,0x29729a38
sv.mmg.nss.fxp.nss.fxp.cnt_gen2.cnt_regs.cnt_flow_bank_arb_credit_dbg8,0x29729a40
sv.mmg.nss.fxp.nss.fxp.cnt_gen2.cnt_regs.cnt_flow_bank_arb_credit_dbg9,0x29729a48
sv.mmg.nss.fxp.nss.fxp.cnt_gen2.cnt_regs.cnt_flow_bank_arb_credit_dbg10,0x29729a50
sv.mmg.nss.fxp.nss.fxp.cnt_gen2.cnt_regs.cnt_flow_bank_arb_credit_dbg11,0x29729a58
sv.mmg.nss.fxp.nss.fxp.cnt_gen2.cnt_regs.cnt_flow_bank_arb_credit_dbg12,0x29729a60
sv.mmg.nss.fxp.nss.fxp.cnt_gen2.cnt_regs.cnt_flow_bank_arb_credit_dbg13,0x29729a68
sv.mmg.nss.fxp.nss.fxp.cnt_gen2.cnt_regs.cnt_flow_bank_arb_credit_dbg14,0x29729a70
sv.mmg.nss.fxp.nss.fxp.cnt_gen2.cnt_regs.cnt_flow_bank_arb_credit_dbg15,0x29729a78
sv.mmg.nss.fxp.nss.fxp.cnt_gen2.cnt_regs.cnt_flow_bank_arb_credit_dbg16,0x29729a80
sv.mmg.nss.fxp.nss.fxp.cnt_gen2.cnt_regs.cnt_flow_bank_arb_credit_dbg17,0x29729a88
sv.mmg.nss.fxp.nss.fxp.cnt_gen2.cnt_regs.cnt_flow_bank_arb_credit_dbg18,0x29729a90
sv.mmg.nss.fxp.nss.fxp.cnt_gen2.cnt_regs.cnt_flow_bank_arb_credit_dbg19,0x29729a98
sv.mmg.nss.fxp.nss.fxp.cnt_gen2.cnt_regs.cnt_flow_bank_arb_credit_dbg20,0x29729aa0
sv.mmg.nss.fxp.nss.fxp.cnt_gen2.cnt_regs.cnt_flow_bank_arb_credit_dbg21,0x29729aa8
sv.mmg.nss.fxp.nss.fxp.cnt_gen2.cnt_regs.cnt_flow_bank_arb_credit_dbg22,0x29729ab0
sv.mmg.nss.fxp.nss.fxp.cnt_gen2.cnt_regs.cnt_flow_bank_arb_credit_dbg23,0x29729ab8
sv.mmg.nss.fxp.nss.fxp.cnt_gen2.cnt_regs.cnt_assign_bank_arb_credit_dbg0,0x29729b00
sv.mmg.nss.fxp.nss.fxp.cnt_gen2.cnt_regs.cnt_assign_bank_arb_credit_dbg1,0x29729b08
sv.mmg.nss.fxp.nss.fxp.cnt_gen2.cnt_regs.cnt_vsi_bank_arb_credit_dbg0,0x29729b20
sv.mmg.nss.fxp.nss.fxp.cnt_gen2.cnt_regs.cnt_vsi_bank_arb_credit_dbg1,0x29729b28
sv.mmg.nss.fxp.nss.fxp.cnt_gen2.cnt_regs.cnt_swid_bank_arb_credit_dbg0,0x29729b40
sv.mmg.nss.fxp.nss.fxp.cnt_gen2.cnt_regs.cnt_swid_bank_arb_credit_dbg1,0x29729b48
sv.mmg.nss.fxp.nss.fxp.cnt_gen2.cnt_regs.cnt_swid_bank_arb_credit_dbg2,0x29729b50
sv.mmg.nss.fxp.nss.fxp.cnt_gen2.cnt_regs.cnt_co_arb_credit_dbg,0x29729bc8

sv.mmg.nss.ecq.ecq_threshold_regs.ecq_icqifc_state0,0x27803630
sv.mmg.nss.ecq.ecq_threshold_regs.ecq_icqifc_state1,0x27803638
sv.mmg.nss.ecq.ecq_threshold_regs.ecq_icqifc_state2,0x27803640
sv.mmg.nss.ecq.ecq_threshold_regs.ecq_icqifc_state3,0x27803648

sv.mmg.nss.icq.icq_regs.icq_cxpifc_state0,0x27000d10
sv.mmg.nss.icq.icq_regs.icq_cxpifc_state1,0x27000d18
sv.mmg.nss.icq.icq_regs.lbm_eplifc_state0,0x27000d20
sv.mmg.nss.icq.icq_regs.lbm_eplifc_state1,0x27000d28
sv.mmg.nss.icq.icq_regs.lbm_cniifc_state0,0x27000d30
sv.mmg.nss.icq.icq_regs.lbm_cniifc_state1,0x27000d38

sv.mmg.nss.bss.pr_cfg_map.pr_lanifc_host_lsy_dat_state,0x22800368
sv.mmg.nss.bss.pr_cfg_map.pr_lanifc_host_lsy_pmd_state,0x22800370
sv.mmg.nss.bss.pr_cfg_map.pr_lanifc_host_lsls_dat_state,0x22800378
sv.mmg.nss.bss.pr_cfg_map.pr_lanifc_host_lsls_pmd_state,0x22800380
sv.mmg.nss.bss.pr_cfg_map.pr_lanifc_host_lsls_v2v_dat_state,0x22800388
sv.mmg.nss.bss.pr_cfg_map.pr_lanifc_host_lsls_v2v_pmd_state,0x22800390
sv.mmg.nss.bss.pr_cfg_map.pr_lanifc_acc_lsy_dat_state,0x22800398
sv.mmg.nss.bss.pr_cfg_map.pr_lanifc_acc_lsy_pmd_state,0x228003a0
sv.mmg.nss.bss.pr_cfg_map.pr_lanifc_acc_lsls_dat_state,0x228003a8
sv.mmg.nss.bss.pr_cfg_map.pr_lanifc_acc_lsls_pmd_state,0x228003b0
sv.mmg.nss.bss.pr_cfg_map.pr_lanifc_acc_lsls_v2v_dat_state,0x228003b8
sv.mmg.nss.bss.pr_cfg_map.pr_lanifc_acc_lsls_v2v_pmd_state,0x228003c0
sv.mmg.nss.bss.pr_cfg_map.pr_rdmaifc_host_dat_state,0x228003c8
sv.mmg.nss.bss.pr_cfg_map.pr_rdmaifc_host_pmd_state,0x228003d0
sv.mmg.nss.bss.pr_cfg_map.pr_rdmaifc_acc_dat_state,0x228003d8
sv.mmg.nss.bss.pr_cfg_map.pr_rdmaifc_acc_pmd_state,0x228003e0
sv.mmg.nss.bss.pr_cfg_map.pr_cpeifc_host_dat_state,0x228003e8
sv.mmg.nss.bss.pr_cfg_map.pr_cpeifc_host_pmd_state,0x228003f0
sv.mmg.nss.bss.pr_cfg_map.pr_cpeifc_acc_dat_state,0x228003f8
sv.mmg.nss.bss.pr_cfg_map.pr_cpeifc_acc_pmd_state,0x22800400