lan.reg_mem.rps_regs.glrps_pmd_credit_amount_inst0,0x20264a0300
lan.reg_mem.rps_regs.glrps_pmd_credit_amount_inst1,0x20264a0304
lan.reg_mem.rps_regs.glrps_pmd_credit_amount_inst2,0x20264a0308
lan.reg_mem.rps_regs.glrps_pmd_credit_amount_inst3,0x20264a030c
lan.reg_mem.rps_regs.glrps_pmd_credit_amount_inst4,0x20264a0310
lan.reg_mem.rps_regs.glrps_pd_credit_amount_inst0,0x20264a0320
lan.reg_mem.rps_regs.glrps_pd_credit_amount_inst1,0x20264a0324
lan.reg_mem.rps_regs.glrps_pd_credit_amount_inst2,0x20264a0328
lan.reg_mem.rps_regs.glrps_pd_credit_amount_inst3,0x20264a032c
lan.reg_mem.rps_regs.glrps_pd_credit_amount_inst4,0x20264a0330
lan.reg_mem.rps_regs.glrps_pmd_tc_credit_amount_inst0,0x20264a0cac
lan.reg_mem.rps_regs.glrps_pmd_tc_credit_amount_inst1,0x20264a0cb0
lan.reg_mem.rps_regs.glrps_pmd_tc_credit_amount_inst2,0x20264a0cb4
lan.reg_mem.rps_regs.glrps_pmd_tc_credit_amount_inst3,0x20264a0cb8
lan.reg_mem.rps_regs.glrps_pmd_tc_credit_amount_inst4,0x20264a0cbc
lan.reg_mem.rps_regs.glrps_pmd_tc_credit_amount_inst5,0x20264a0cc0
lan.reg_mem.rps_regs.glrps_pmd_tc_credit_amount_inst6,0x20264a0cc4
lan.reg_mem.rps_regs.glrps_pmd_tc_credit_amount_inst7,0x20264a0cc8
lan.reg_mem.rps_regs.glrps_pmd_tc_credit_amount_inst8,0x20264a0ccc
lan.reg_mem.rps_regs.glrps_pmd_tc_credit_amount_inst9,0x20264a0cd0
lan.reg_mem.rps_regs.glrps_pmd_tc_credit_amount_inst10,0x20264a0cd4
lan.reg_mem.rps_regs.glrps_pmd_tc_credit_amount_inst11,0x20264a0cd8
lan.reg_mem.rps_regs.glrps_pmd_tc_credit_amount_inst12,0x20264a0cdc
lan.reg_mem.rps_regs.glrps_pmd_tc_credit_amount_inst13,0x20264a0ce0
lan.reg_mem.rps_regs.glrps_pmd_tc_credit_amount_inst14,0x20264a0ce4
lan.reg_mem.rps_regs.glrps_pd_tc_credit_amount_inst0,0x20264a0ce8
lan.reg_mem.rps_regs.glrps_pd_tc_credit_amount_inst1,0x20264a0cec
lan.reg_mem.rps_regs.glrps_pd_tc_credit_amount_inst2,0x20264a0cf0
lan.reg_mem.rps_regs.glrps_pd_tc_credit_amount_inst3,0x20264a0cf4
lan.reg_mem.rps_regs.glrps_pd_tc_credit_amount_inst4,0x20264a0cf8
lan.reg_mem.rps_regs.glrps_pd_tc_credit_amount_inst5,0x20264a0cfc
lan.reg_mem.rps_regs.glrps_pd_tc_credit_amount_inst6,0x20264a0d00
lan.reg_mem.rps_regs.glrps_pd_tc_credit_amount_inst7,0x20264a0d04
lan.reg_mem.rps_regs.glrps_pd_tc_credit_amount_inst8,0x20264a0d08
lan.reg_mem.rps_regs.glrps_pd_tc_credit_amount_inst9,0x20264a0d0c
lan.reg_mem.rps_regs.glrps_pd_tc_credit_amount_inst10,0x20264a0d10
lan.reg_mem.rps_regs.glrps_pd_tc_credit_amount_inst11,0x20264a0d14
lan.reg_mem.rps_regs.glrps_pd_tc_credit_amount_inst12,0x20264a0d18
lan.reg_mem.rps_regs.glrps_pd_tc_credit_amount_inst13,0x20264a0d1c
lan.reg_mem.rps_regs.glrps_pd_tc_credit_amount_inst14,0x20264a0d20
rdma.peip_nmf_rdma_top.peip_crx.glpe_mif_pd_initial_credit_value_crt_pd0,0x20424008b0
rdma.peip_nmf_rdma_top.peip_crx.glpe_mif_pd_initial_credit_value_crt_pd1,0x20424008b4
rdma.peip_nmf_rdma_top.peip_crx.glpe_mif_pd_initial_credit_value_crt_pd2,0x20424008b8
rdma.peip_nmf_rdma_top.peip_crx.glpe_mif_pd_initial_credit_value_crt_pd3,0x20424008bc
rdma.peip_nmf_rdma_top.peip_crx.glpe_mif_pd_initial_credit_value_crt_pd4,0x20424008c0
rdma.peip_nmf_rdma_top.peip_crx.glpe_mif_pmd_initial_credit_value_crt_pmd0,0x20424008c8
rdma.peip_nmf_rdma_top.peip_crx.glpe_mif_pmd_initial_credit_value_crt_pmd1,0x20424008cc
rdma.peip_nmf_rdma_top.peip_crx.glpe_mif_pmd_initial_credit_value_crt_pmd2,0x20424008d0
rdma.peip_nmf_rdma_top.peip_crx.glpe_mif_pmd_initial_credit_value_crt_pmd3,0x20424008d4
rdma.peip_nmf_rdma_top.peip_crx.glpe_mif_pmd_initial_credit_value_crt_pmd4,0x20424008d8
rdma.peip_nmf_rdma_top.peip_crx.glpe_rb_credit_used0,0x2042400864
rdma.peip_nmf_rdma_top.peip_crx.glpe_rb_credit_used1,0x2042400868
rdma.peip_nmf_rdma_top.peip_crx.glpe_rb_credit_used2,0x204240086c
rdma.peip_nmf_rdma_top.peip_crx.glpe_rb_credit_used3,0x2042400870
rdma.peip_nmf_rdma_top.peip_crx.glpe_rb_credit_used4,0x2042400874
rdma.peip_nmf_rdma_top.peip_crx.glpe_rb_total_credit_used,0x2042400878
rdma.peip_nmf_rdma_top.peip_crx.glpe_mif_host_credit_enable_pr_pd,0x204240087c
nvme.nvme_cfg_top.nvme_cfg_npi.nrp.nrp_wdma_credits0,0x2021b40060
nvme.nvme_cfg_top.nvme_cfg_npi.nrp.nrp_wdma_credits1,0x2021b40064
nvme.nvme_cfg_top.nvme_cfg_npi.nrp.nrp_wdma_credits2,0x2021b40068
nvme.nvme_cfg_top.nvme_cfg_npi.nrp.nrp_wdma_credits3,0x2021b4006c
nvme.nvme_cfg_top.nvme_cfg_npi.nrp.nrp_wdma_credits4,0x2021b40070
nvme.nvme_cfg_top.nvme_cfg_npi.nrp.nrp_rddma_credits0,0x2021b40080
nvme.nvme_cfg_top.nvme_cfg_npi.nrp.nrp_rddma_credits1,0x2021b40084
nvme.nvme_cfg_top.nvme_cfg_npi.nrp.nrp_rddma_credits2,0x2021b40088
nvme.nvme_cfg_top.nvme_cfg_npi.nrp.nrp_rddma_credits3,0x2021b4008c
nvme.nvme_cfg_top.nvme_cfg_npi.nrp.nrp_rddma_credits4,0x2021b40090
fxp.reg_mem.pmc.pmc_regs.pmc_rx_pass_credit,0x2029378b38
fxp.reg_mem.pmc.pmc_regs.pmc_tx_pass_credit,0x2029378b40
fxp.reg_mem.evmin.evmin_fxp_regs.pm_tx_credit_per_path0,0x20293c40a0
fxp.reg_mem.evmin.evmin_fxp_regs.pm_tx_credit_per_path1,0x20293c40a8
fxp.reg_mem.evmin.evmin_fxp_regs.pm_tx_credit_per_path2,0x20293c40b0
fxp.reg_mem.evmin.evmin_fxp_regs.pm_tx_credit_per_path3,0x20293c40b8
fxp.reg_mem.evmin.evmin_fxp_regs.pm_rx_credit_per_path0,0x20293c40c0
fxp.reg_mem.evmin.evmin_fxp_regs.pm_rx_credit_per_path1,0x20293c40c8
fxp.reg_mem.evmin.evmin_fxp_regs.pm_rx_credit_per_path2,0x20293c40d0
fxp.reg_mem.evmin.evmin_fxp_regs.pm_tx_credit_usage_per_path0,0x20293c40e0
fxp.reg_mem.evmin.evmin_fxp_regs.pm_tx_credit_usage_per_path1,0x20293c40e8
fxp.reg_mem.evmin.evmin_fxp_regs.pm_tx_credit_usage_per_path2,0x20293c40f0
fxp.reg_mem.evmin.evmin_fxp_regs.pm_tx_credit_usage_per_path3,0x20293c40f8
fxp.reg_mem.evmin.evmin_fxp_regs.pm_tx_credit_usage_per_path_share0,0x20293c4100
fxp.reg_mem.evmin.evmin_fxp_regs.pm_tx_credit_usage_per_path_share1,0x20293c4108
fxp.reg_mem.evmin.evmin_fxp_regs.pm_tx_credit_usage_per_path_share2,0x20293c4110
fxp.reg_mem.evmin.evmin_fxp_regs.pm_tx_credit_usage_per_path_share3,0x20293c4118
fxp.reg_mem.evmin.evmin_fxp_regs.pm_tx_credit_usage_per_path_share0,0x20293c4100
fxp.reg_mem.evmin.evmin_fxp_regs.pm_tx_credit_usage_per_path_share1,0x20293c4108
fxp.reg_mem.evmin.evmin_fxp_regs.pm_tx_credit_usage_per_path_share2,0x20293c4110
fxp.reg_mem.evmin.evmin_fxp_regs.pm_tx_credit_usage_per_path_share3,0x20293c4118
fxp.reg_mem.evmin.evmin_fxp_regs.pm_rx_credit_usage_per_path0,0x20293c4120
fxp.reg_mem.evmin.evmin_fxp_regs.pm_rx_credit_usage_per_path1,0x20293c4128
fxp.reg_mem.evmin.evmin_fxp_regs.pm_rx_credit_usage_per_path2,0x20293c4130
fxp.reg_mem.evmin.evmin_fxp_regs.pm_rx_credit_usage_per_path_share0,0x20293c4140
fxp.reg_mem.evmin.evmin_fxp_regs.pm_rx_credit_usage_per_path_share1,0x20293c4148
fxp.reg_mem.evmin.evmin_fxp_regs.pm_rx_credit_usage_per_path_share2,0x20293c4150
fxp.reg_mem.evmin.evmin_fxp_regs.pm_rx_credit_usage_per_path_share0,0x20293c4140
fxp.reg_mem.evmin.evmin_fxp_regs.pm_rx_credit_usage_per_path_share1,0x20293c4148
fxp.reg_mem.evmin.evmin_fxp_regs.pm_rx_credit_usage_per_path_share2,0x20293c4150
fxp.reg_mem.evmin.evmin_fxp_regs.evmi_output_fifo_credit_status,0x20293c41a8
fxp.reg_mem.evmin.evmin_fxp_regs.pm_parser_fifo_credit,0x20293c41b0
fxp.reg_mem.evmin.evmin_fxp_regs.pm_parser_fifo_credit_usage,0x20293c41b8
fxp.reg_mem.evmin.evmin_fxp_regs.pm_parser_fifo_credit_usage,0x20293c41b8
fxp.reg_mem.evmin.evmin_fxp_regs.pm_rx_credit_share,0x20293c4218
fxp.reg_mem.evmin.evmin_fxp_regs.pm_tx_credit_share,0x20293c4220
lce.nss_lce_reg_mem.i_cpm_hi_sla_env.cpm_pf_i.cpm_csr_ti_i.tiphdrcredit,0x2025d00000
lce.nss_lce_reg_mem.i_cpm_hi_sla_env.cpm_pf_i.cpm_csr_ti_i.tipdatacredit0,0x2025d00004
lce.nss_lce_reg_mem.i_cpm_hi_sla_env.cpm_pf_i.cpm_csr_ti_i.tipdatacredit1,0x2025d00008
lce.nss_lce_reg_mem.i_cpm_hi_sla_env.cpm_pf_i.cpm_csr_ti_i.tinphdrcredit,0x2025d0000c
ecq.ecq_map.ecq_regs.ecq_icqifc_state0,0x2027800610
ecq.ecq_map.ecq_regs.ecq_icqifc_state1,0x2027800618
icq.icq_map.icq_regs.icq_cxpifc_state0,0x2027000d10
icq.icq_map.icq_regs.icq_cxpifc_state1,0x2027000d18
icq.icq_map.icq_regs.lbm_eplifc_state1,0x2027000d28
pr.nss_pr_reg_mem.pr_cfg_map.pr_lanifc_host_lsy_dat_state,0x2022800368
pr.nss_pr_reg_mem.pr_cfg_map.pr_lanifc_host_lsy_pmd_state,0x2022800370
pr.nss_pr_reg_mem.pr_cfg_map.pr_lanifc_host_lsls_dat_state,0x2022800378
pr.nss_pr_reg_mem.pr_cfg_map.pr_lanifc_host_lsls_pmd_state,0x2022800380
pr.nss_pr_reg_mem.pr_cfg_map.pr_lanifc_host_lsls_v2v_dat_state,0x2022800388
pr.nss_pr_reg_mem.pr_cfg_map.pr_lanifc_host_lsls_v2v_pmd_state,0x2022800390
pr.nss_pr_reg_mem.pr_cfg_map.pr_lanifc_acc_lsy_dat_state,0x2022800398
pr.nss_pr_reg_mem.pr_cfg_map.pr_lanifc_acc_lsy_pmd_state,0x20228003a0
pr.nss_pr_reg_mem.pr_cfg_map.pr_lanifc_acc_lsls_dat_state,0x20228003a8
pr.nss_pr_reg_mem.pr_cfg_map.pr_lanifc_acc_lsls_pmd_state,0x20228003b0
pr.nss_pr_reg_mem.pr_cfg_map.pr_lanifc_acc_lsls_v2v_dat_state,0x20228003b8
pr.nss_pr_reg_mem.pr_cfg_map.pr_lanifc_acc_lsls_v2v_pmd_state,0x20228003c0
pr.nss_pr_reg_mem.pr_cfg_map.pr_rdmaifc_host_dat_state,0x20228003c8
pr.nss_pr_reg_mem.pr_cfg_map.pr_rdmaifc_host_pmd_state,0x20228003d0
pr.nss_pr_reg_mem.pr_cfg_map.pr_rdmaifc_acc_dat_state,0x20228003d8
pr.nss_pr_reg_mem.pr_cfg_map.pr_rdmaifc_acc_pmd_state,0x20228003e0
pr.nss_pr_reg_mem.pr_cfg_map.pr_cpeifc_host_dat_state,0x20228003e8
pr.nss_pr_reg_mem.pr_cfg_map.pr_cpeifc_host_pmd_state,0x20228003f0
pr.nss_pr_reg_mem.pr_cfg_map.pr_cpeifc_acc_dat_state,0x20228003f8
pr.nss_pr_reg_mem.pr_cfg_map.pr_cpeifc_acc_pmd_state,0x2022800400
