ate.nss_ate_reg_mem.ate_tlb_mgm.at_ecc_cor_err,0x2071102000
ate.nss_ate_reg_mem.ate_tlb_mgm.at_ecc_uncor_err,0x2071102008
bss.nss_bss_reg_mem.bss_shell_ctl_map.bss_ecc_cor_err,0x2020003e00
bss.nss_bss_reg_mem.bss_shell_ctl_map.bss_ecc_uncor_err,0x2020003e08
rdma.peip_nmf_rdma_top.peip_pmat.pmat_ecc_cor_err,0x204285f0a4
rdma.peip_nmf_rdma_top.peip_pmat.pmat_ecc_uncor_err,0x204285f0a0
rdma.peip_nmf_rdma_top.peip_stats.glpes_hmcerrcntlo,0x20426792f8
rdma.peip_nmf_rdma_top.peip_ceh.glpe_criterr_status,0x20420e2800
rdma.peip_nmf_rdma_top.peip_pepm.glpe_pepm_err_sts,0x204248b174
cxp.nss_cxp_reg_mem.crx.crx_regs.crx_imc_ip,0x20280002a0
cxp.nss_cxp_reg_mem.crx.crx_regs.crx_ares_ip,0x20280002b0
cxp.nss_cxp_reg_mem.crx.crx_regs.crx_fatal_ip,0x20280002c0
cxp.nss_cxp_reg_mem.ptx.ptx_regs.ptx_imc_ip,0x2028040200
cxp.nss_cxp_reg_mem.ptx.ptx_regs.ptx_ares_ip,0x2028040210
cxp.nss_cxp_reg_mem.ptx.ptx_regs.ptx_fatal_ip,0x2028040220
cxp.nss_cxp_reg_mem.hrx.hrx_regs.err_md_add,0x2028080020
fxp.reg_mem.evmin.evmin_fxp_regs.err_md_add,0x20293c41f0
cxp.nss_cxp_reg_mem.hrx.hrx_regs.err_md_pack,0x2028080028
fxp.reg_mem.evmin.evmin_fxp_regs.err_md_pack,0x20293c41f8
cxp.nss_cxp_reg_mem.hrx.hrx_regs.err_md_fatal,0x2028080030
cxp.nss_cxp_reg_mem.hrx.hrx_regs.hrx_imc_ip,0x20280800c0
cxp.nss_cxp_reg_mem.hrx.hrx_regs.hrx_ares_ip,0x20280800d0
cxp.nss_cxp_reg_mem.hrx.hrx_regs.hrx_fatal_ip,0x20280800e0
cxp.nss_cxp_reg_mem.mtx.mtx_regs.mtx_imc_ip,0x20280c0100
cxp.nss_cxp_reg_mem.mtx.mtx_regs.mtx_ares_ip,0x20280c0110
cxp.nss_cxp_reg_mem.mtx.mtx_regs.mtx_fatal_ip,0x20280c0120
fxp.reg_mem.evmin.evmin_fxp_regs.err_md_fatal,0x20293c4200
fxp.reg_mem.sem.sem_prof_regs.sem_md_ext_err_cnt,0x20292003f0
fxp.reg_mem.sem.sem_prof_regs.sem_pkt_ext_err_cnt,0x20292003f8
cxp.nss_cxp_reg_mem.lem.lem_regs.lem_pkt_ext_err_cnt,0x20282006b0
fxp.reg_mem.lem.lem_regs.lem_pkt_ext_err_cnt,0x2029032ee8
cxp.nss_cxp_reg_mem.lem.lem_regs.lem_md_ext_err_cnt,0x20282006b8
fxp.reg_mem.lem.lem_regs.lem_md_ext_err_cnt,0x2029032ef0
cxp.nss_cxp_reg_mem.lem.lem_regs.lem_imc_ip,0x2028200718
cxp.nss_cxp_reg_mem.cse.cse_lem.cse_lem_imc_ip,0x2028242c78
cxp.nss_cxp_reg_mem.cse.cse_lem.cse_lem_imc_ip,0x2028242c78
fxp.reg_mem.lem.lem_regs.lem_imc_ip,0x2029032f28
fxp.reg_mem.cse.cse_lem.cse_lem_imc_ip,0x2029042c78
fxp.reg_mem.cse.cse_lem.cse_lem_imc_ip,0x2029042c78
cxp.nss_cxp_reg_mem.lem.lem_regs.lem_ares_ip,0x2028200728
cxp.nss_cxp_reg_mem.cse.cse_lem.cse_lem_ares_ip,0x2028242c88
cxp.nss_cxp_reg_mem.cse.cse_lem.cse_lem_ares_ip,0x2028242c88
fxp.reg_mem.lem.lem_regs.lem_ares_ip,0x2029032f38
fxp.reg_mem.cse.cse_lem.cse_lem_ares_ip,0x2029042c88
fxp.reg_mem.cse.cse_lem.cse_lem_ares_ip,0x2029042c88
cxp.nss_cxp_reg_mem.lem.lem_regs.lem_fatal_ip,0x2028200738
cxp.nss_cxp_reg_mem.cse.cse_lem.cse_lem_fatal_ip,0x2028242c98
cxp.nss_cxp_reg_mem.cse.cse_lem.cse_lem_fatal_ip,0x2028242c98
fxp.reg_mem.lem.lem_regs.lem_fatal_ip,0x2029032f48
fxp.reg_mem.cse.cse_lem.cse_lem_fatal_ip,0x2029042c98
fxp.reg_mem.cse.cse_lem.cse_lem_fatal_ip,0x2029042c98
cxp.nss_cxp_reg_mem.cse.cse_lem.cse_lem_ddr_err_info1,0x2028242ca8
fxp.reg_mem.cse.cse_lem.cse_lem_ddr_err_info1,0x2029042ca8
cxp.nss_cxp_reg_mem.cse.cse_lem.cse_lem_ddr_err_info2,0x2028242cb0
fxp.reg_mem.cse.cse_lem.cse_lem_ddr_err_info2,0x2029042cb0
fxp.reg_mem.rnm.rnm0_regs.rnm0_imc_ip,0x20290800e0
fxp.reg_mem.rnm.rnm0_regs.rnm0_ares_ip,0x20290800f0
fxp.reg_mem.rnm.rnm0_regs.rnm0_fatal_ip,0x2029080100
fxp.reg_mem.wcm.wcm_rc_regs.wcm_rc_imc_ip,0x2029101088
fxp.reg_mem.wcm.wcm_rc_regs.wcm_rc_ares_ip,0x2029101098
fxp.reg_mem.wcm.wcm_rc_regs.wcm_rc_fatal_ip,0x20291010a8
fxp.reg_mem.parser.parser_regs.parser_md_ext_err_cnt,0x202931cc00
cxp.nss_cxp_reg_mem.parser.cxp_parser_regs.parser_md_update_err_cnt,0x202818e050
fxp.reg_mem.parser.parser_regs.parser_md_update_err_cnt,0x202931cc08
cxp.nss_cxp_reg_mem.parser.cxp_parser_regs.parser_imc_ip,0x202818e0a8
fxp.reg_mem.parser.parser_regs.parser_imc_ip,0x202931cc28
cxp.nss_cxp_reg_mem.parser.cxp_parser_regs.parser_ares_ip,0x202818e0b8
fxp.reg_mem.parser.parser_regs.parser_ares_ip,0x202931cc38
cxp.nss_cxp_reg_mem.parser.cxp_parser_regs.parser_fatal_ip,0x202818e0c8
fxp.reg_mem.parser.parser_regs.parser_fatal_ip,0x202931cc48
cxp.nss_cxp_reg_mem.pmc.cxp_pmc_regs.pmc_imc_ip,0x2028100060
fxp.reg_mem.pmc.pmc_regs.pmc_imc_ip,0x2029378b78
cxp.nss_cxp_reg_mem.pmc.cxp_pmc_regs.pmc_ares_ip,0x2028100070
fxp.reg_mem.pmc.pmc_regs.pmc_ares_ip,0x2029378b88
cxp.nss_cxp_reg_mem.pmc.cxp_pmc_regs.pmc_fatal_ip,0x2028100080
fxp.reg_mem.pmc.pmc_regs.pmc_fatal_ip,0x2029378b98
fxp.reg_mem.evmin.evmin_fxp_regs.evmi_md_err,0x20293c4208
fxp.reg_mem.evmin.evmin_fxp_regs.evmi_imc_ip,0x20293c4278
fxp.reg_mem.evmin.evmin_fxp_regs.evmi_ares_ip,0x20293c4288
fxp.reg_mem.evmin.evmin_fxp_regs.evmi_fatal_ip,0x20293c4298
fxp.reg_mem.evmout.evmout_regs.evmo_md_err,0x20293e8188
fxp.reg_mem.evmout.evmout_regs.evmo_imc_ip,0x20293e81e0
fxp.reg_mem.evmout.evmout_regs.evmo_ares_ip,0x20293e81f0
fxp.reg_mem.evmout.evmout_regs.evmo_fatal_ip,0x20293e8200
fxp.reg_mem.lpm.lpm_cmn_regs.lpm_md_ext_err_cnt,0x202940b000
fxp.reg_mem.lpm.lpm_cmn_regs.lpm_pkt_ext_err_cnt,0x202940b008
fxp.reg_mem.cse.cse_lpm.cse_lpm_imc_ip,0x2029062c78
fxp.reg_mem.cse.cse_lpm.cse_lpm_imc_ip,0x2029062c78
fxp.reg_mem.lpm.lpm_cmn_regs.lpm_imc_ip,0x202940b048
fxp.reg_mem.cse.cse_lpm.cse_lpm_ares_ip,0x2029062c88
fxp.reg_mem.cse.cse_lpm.cse_lpm_ares_ip,0x2029062c88
fxp.reg_mem.lpm.lpm_cmn_regs.lpm_ares_ip,0x202940b058
fxp.reg_mem.cse.cse_lpm.cse_lpm_fatal_ip,0x2029062c98
fxp.reg_mem.cse.cse_lpm.cse_lpm_fatal_ip,0x2029062c98
fxp.reg_mem.lpm.lpm_cmn_regs.lpm_fatal_ip,0x202940b068
fxp.reg_mem.hashing.hash_regs.hash_md_ext_err_cnt,0x20295c5050
fxp.reg_mem.hashing.hash_regs.hash_pkt_ext_err_cnt,0x20295c5058
fxp.reg_mem.hashing.hash_regs.hash_imc_ip,0x20295c5078
fxp.reg_mem.hashing.hash_regs.hash_ares_ip,0x20295c5088
fxp.reg_mem.hashing.hash_regs.hash_fatal_ip,0x20295c5098
fxp.reg_mem.cne.cnt_regs.cne_imc_ip,0x202972a108
fxp.reg_mem.cne.cnt_regs.cne_ares_ip,0x202972a118
fxp.reg_mem.cne.cnt_regs.cne_fatal_ip,0x202972a128
fxp.reg_mem.policers.policers_regs.pol_err_log0,0x2029750800
fxp.reg_mem.policers.policers_regs.pol_err_log1,0x2029750808
fxp.reg_mem.policers.policers_regs.pol_err_log10,0x2029750850
fxp.reg_mem.policers.policers_regs.pol_err_log11,0x2029750858
fxp.reg_mem.policers.policers_regs.pol_err_log2,0x2029750810
fxp.reg_mem.policers.policers_regs.pol_err_log3,0x2029750818
fxp.reg_mem.policers.policers_regs.pol_err_log4,0x2029750820
fxp.reg_mem.policers.policers_regs.pol_err_log5,0x2029750828
fxp.reg_mem.policers.policers_regs.pol_err_log6,0x2029750830
fxp.reg_mem.policers.policers_regs.pol_err_log7,0x2029750838
fxp.reg_mem.policers.policers_regs.pol_err_log8,0x2029750840
fxp.reg_mem.policers.policers_regs.pol_err_log9,0x2029750848
fxp.reg_mem.policers.policers_regs.pol_err_log10,0x2029750850
fxp.reg_mem.policers.policers_regs.pol_err_log11,0x2029750858
fxp.reg_mem.policers.policers_regs.pol_imc_ip,0x20297508c8
fxp.reg_mem.policers.policers_regs.pol_ares_ip,0x20297508d8
fxp.reg_mem.policers.policers_regs.pol_fatal_ip,0x20297508e8
fxp.reg_mem.modify.modify_regs.mod_fld_ext_err_cnt,0x202987b640
fxp.reg_mem.modify.modify_regs.mod_md_ext_err_cnt,0x202987b648
fxp.reg_mem.modify.modify_regs.mod_md_update_err_cnt,0x202987b650
fxp.reg_mem.modify.modify_regs.prf_mod_error_log,0x202987b6a8
fxp.reg_mem.modify.modify_regs.fld_mod_error_log,0x202987b6b0
fxp.reg_mem.modify.modify_regs.upd_mod_error_log,0x202987b6b8
fxp.reg_mem.modify.modify_regs.mod_proc_imc_ip,0x202987b708
fxp.reg_mem.modify.modify_regs.mod_proc_ares_ip,0x202987b718
fxp.reg_mem.modify.modify_regs.mod_proc_fatal_ip,0x202987b728
fxp.reg_mem.modify.modify_regs.mod_update2_imc_ip,0x202987b768
fxp.reg_mem.modify.modify_regs.mod_update2_ares_ip,0x202987b778
fxp.reg_mem.modify.modify_regs.mod_update2_fatal_ip,0x202987b788
cxp.nss_cxp_reg_mem.rnm.rnm_regs.rnm_ace0_wr_agent_err_log,0x2028140038
cxp.nss_cxp_reg_mem.rnm.rnm_regs.rnm_ace0_rd_agent_err_log,0x2028140040
cxp.nss_cxp_reg_mem.rnm.rnm_regs.rnm_imc_ip,0x20281400a0
cxp.nss_cxp_reg_mem.rnm.rnm_regs.rnm_ares_ip,0x20281400b0
cxp.nss_cxp_reg_mem.rnm.rnm_regs.rnm_fatal_ip,0x20281400c0
cxp.nss_cxp_reg_mem.lem.lem_regs.lem_md_add_err_cnt,0x20282006c0
fxp.reg_mem.lem.lem_regs.lem_md_add_err_cnt,0x2029032ef8
cxp.nss_cxp_reg_mem.lem.lem_regs.lem_md_update_err_cnt,0x20282006c8
fxp.reg_mem.lem.lem_regs.lem_md_update_err_cnt,0x2029032f00
cxp.nss_cxp_reg_mem.lem.lem_regs.lem_md_del_err_cnt,0x20282006d0
fxp.reg_mem.lem.lem_regs.lem_md_del_err_cnt,0x2029032f08
fxp.reg_mem.policers.policers_regs.pol_md_update_err_cnt,0x20297507f0
fxp.reg_mem.policers.policers_regs.pol_err_cntr,0x20297507f8
fxp.reg_mem.rnm.rnm0_regs.rnm0_ace0_wr_agent_err_log,0x2029080078
fxp.reg_mem.rnm.rnm0_regs.rnm0_ace0_rd_agent_err_log,0x2029080080
fxp.reg_mem.rnm.rnm0_regs.rnm0_ace1_rd_agent_err_log,0x2029080088
fxp.reg_mem.rnm.rnm1_regs.rnm1_ace0_wr_agent_err_log,0x2029090078
fxp.reg_mem.rnm.rnm1_regs.rnm1_ace0_rd_agent_err_log,0x2029090080
fxp.reg_mem.rnm.rnm1_regs.rnm1_ace1_rd_agent_err_log,0x2029090088
hif.bar_hif_pci_snpq0.pcie_snpq_ecc_cor_err_inst,0x2040010a44
hif.bar_hif_pci_snpq0.pcie_snpq_ecc_uncor_err_inst,0x2040010a40
hif.bar_hif_pcie_cif0.pcie_pq_ecc_cor_err_inst,0x2040000048
hif.bar_hif_pcie_cif1.pcie_pq_ecc_cor_err_inst,0x2040400048
hif.bar_hif_pcie_cif2.pcie_pq_ecc_cor_err_inst,0x2040800048
hif.bar_hif_pcie_cif3.pcie_pq_ecc_cor_err_inst,0x2040c00048
hif.bar_hif_pcie_cif4.pcie_pq_ecc_cor_err_inst,0x2041000048
hif.bar_hif_pcie_cif0.pcie_pq_ecc_uncor_err_inst,0x2040000044
hif.bar_hif_pcie_cif1.pcie_pq_ecc_uncor_err_inst,0x2040400044
hif.bar_hif_pcie_cif2.pcie_pq_ecc_uncor_err_inst,0x2040800044
hif.bar_hif_pcie_cif3.pcie_pq_ecc_uncor_err_inst,0x2040c00044
hif.bar_hif_pcie_cif4.pcie_pq_ecc_uncor_err_inst,0x2041000044
hif.bar_hif_ati0.pcie_ko_ecc_cor_err_inst,0x20414000a8
hif.bar_hif_ati1.pcie_ko_ecc_cor_err_inst,0x20414200a8
hif.bar_hif_ati2.pcie_ko_ecc_cor_err_inst,0x20414400a8
hif.bar_hif_ati3.pcie_ko_ecc_cor_err_inst,0x20414600a8
hif.bar_hif_ati4.pcie_ko_ecc_cor_err_inst,0x20414800a8
hif.bar_hif_ati0.pcie_ko_ecc_uncor_err_inst,0x20414000ac
hif.bar_hif_ati1.pcie_ko_ecc_uncor_err_inst,0x20414200ac
hif.bar_hif_ati2.pcie_ko_ecc_uncor_err_inst,0x20414400ac
hif.bar_hif_ati3.pcie_ko_ecc_uncor_err_inst,0x20414600ac
hif.bar_hif_ati4.pcie_ko_ecc_uncor_err_inst,0x20414800ac
hif.bar_hif_ati0.ati_mem_ecc_cor_err_inst,0x20414000b8
hif.bar_hif_ati1.ati_mem_ecc_cor_err_inst,0x20414200b8
hif.bar_hif_ati2.ati_mem_ecc_cor_err_inst,0x20414400b8
hif.bar_hif_ati3.ati_mem_ecc_cor_err_inst,0x20414600b8
hif.bar_hif_ati4.ati_mem_ecc_cor_err_inst,0x20414800b8
hif.bar_hif_ati0.ati_mem_ecc_uncor_err_inst,0x20414000bc
hif.bar_hif_ati1.ati_mem_ecc_uncor_err_inst,0x20414200bc
hif.bar_hif_ati2.ati_mem_ecc_uncor_err_inst,0x20414400bc
hif.bar_hif_ati3.ati_mem_ecc_uncor_err_inst,0x20414600bc
hif.bar_hif_ati4.ati_mem_ecc_uncor_err_inst,0x20414800bc
hif.bar_pcie_ace_bridge_rc.glacc_outstanding_marker_inst,0x204c4032c0
ice.icm_eg_dispresp.icm_eg_dispresp_glb_stat0,0x202490204c
ice.icm_eg_dispresp.icm_eg_dispresp_glb_stat1,0x2024902050
ice.icm_eg_dispresp.icm_eg_dispresp_glb_stat2,0x2024902054
ice.icm_eg_dispresp.icm_eg_dispresp_glb_stat3,0x2024902058
ice.icm_eg_dispresp.icm_eg_dispresp_glb_stat4,0x202490205c
ice.icm_eg_dispresp.icm_eg_dispresp_glb_stat5,0x2024902060
ice.icm_eg_dispresp.icm_eg_dispresp_glb_stat6,0x2024902064
ice.icm_eg_dispresp.icm_eg_dispresp_glb_stat7,0x2024902068
ice.icm_eg_dispresp.icm_eg_dispresp_glb_stat8,0x202490206c
ice.icm_eg_dispresp.icm_eg_dispresp_glb_stat9,0x2024902070
ice.icm_eg_dispresp.icm_eg_dispresp_glb_stat10,0x2024902074
ice.icm_eg_dispresp.icm_eg_dispresp_glb_stat11,0x2024902078
ice.icm_eg_dispresp.icm_eg_dispresp_glb_stat12,0x202490207c
ice.icm_eg_dispresp.icm_eg_dispresp_glb_stat13,0x2024902080
ice.icm_eg_dispresp.icm_eg_dispresp_glb_stat14,0x2024902084
ice.icm_eg_dispresp.icm_eg_dispresp_glb_stat15,0x2024902088
ice.icm_eg_dispresp.icm_eg_dispresp_glb_stat16,0x202490208c
ice.icm_eg_dispresp.icm_eg_dispresp_glb_stat17,0x2024902090
ice.icm_eg_dispresp.icm_eg_dispresp_glb_stat18,0x2024902094
ice.icm_eg_dispresp.icm_eg_dispresp_glb_stat19,0x2024902098
ice.icm_globals.icm_fatal_ecr0,0x2024802010
ice.icm_globals.icm_int_imc_icr0,0x2024802020
ice.icm_globals.icm_int_ares_icr0,0x2024802028
ice.icm_eg_dispresp.icm_eg_dispresp_l0_cache_cnt,0x2024901004
ice.icm_eg_sa_man.icm_add_err_counter,0x2024d01010
ice.icm_ing_sa_man.icm_add_err_counter,0x2024e01010
ice.icm_eg_sa_man.icm_del_err_counter,0x2024d01014
ice.icm_ing_sa_man.icm_del_err_counter,0x2024e01014
ice.icm_eg_sa_man.icm_cache_icv_err_counter_lo,0x2024d01028
ice.icm_ing_sa_man.icm_cache_icv_err_counter_lo,0x2024e01028
ice.icm_eg_sa_man.icm_cache_icv_err_counter_hi,0x2024d0102c
ice.icm_ing_sa_man.icm_cache_icv_err_counter_hi,0x2024e0102c
ice.icm_eg_sa_man.icm_read_err_counter,0x2024d01018
ice.icm_ing_sa_man.icm_read_err_counter,0x2024e01018
ice.icm_eg_sa_man.icm_dram_write,0x2024d01034
ice.icm_ing_sa_man.icm_dram_write,0x2024e01034
ice.icm_eg_sa_man.icm_dram_read,0x2024d01038
ice.icm_ing_sa_man.icm_dram_read,0x2024e01038
lan.reg_mem.pqm_regs.gl_mdet_tx_pqm_inst,0x2026343118
lan.reg_mem.tclan_regs.tclan_mem_ecc_cor_err_inst,0x2026227910
lan.reg_mem.tclan_regs.tclan_mem_ecc_uncor_err_inst,0x2026227914
lan.reg_mem.hspm_regs.gldcb_hspm_dfd_err_inst,0x2026540368
pkb.nss_pkb_reg_mem.pkb_reg_map.pb_int_ares_icr,0x20240004a0
pkb.nss_pkb_reg_mem.pkb_reg_map.pb_int_ares_icr_msk,0x20240004a8
pkb.nss_pkb_reg_mem.pkb_reg_map.pb_int_imc_icr,0x2024000490
pkb.nss_pkb_reg_mem.pkb_reg_map.pb_int_imc_icr_msk,0x2024000498
pkb.nss_pkb_reg_mem.pkb_reg_map.pkb_int_status0,0x20240004e0
pkb.nss_pkb_reg_mem.pkb_reg_map.pkb_internal_err_status,0x20240004e8
ts.nss_ts_reg_mem.ts0_imc_non_tw_func_csr.ts_int_ares_icr_inst,0x2023800050
ts.nss_ts_reg_mem.ts0_imc_non_tw_func_csr.ts_int_imc_icr_inst,0x2023800040
ts.nss_ts_reg_mem.ts0_imc_non_tw_func_csr.ts_int_fatal_icr_inst,0x2023800028
pr.nss_pr_reg_mem.pr_shell_ctl_map.pr_ecc_cor_err,0x2022803e00
pr.nss_pr_reg_mem.pr_shell_ctl_map.pr_ecc_uncor_err,0x2022803e08
